{
  "frames": [
    {
      "filename": "frame0000",
      "d": 0.2,
      "frame": {
        "x": 2,
        "y": 2,
        "w": 375,
        "h": 493
      }
    },
    {
      "filename": "frame0001",
      "d": 0.2,
      "frame": {
        "x": 380,
        "y": 2,
        "w": 375,
        "h": 493
      }
    },
    {
      "filename": "frame0002",
      "d": 0.2,
      "frame": {
        "x": 758,
        "y": 2,
        "w": 375,
        "h": 493
      }
    },
    {
      "filename": "frame0003",
      "d": 0.2,
      "frame": {
        "x": 1136,
        "y": 2,
        "w": 375,
        "h": 493
      }
    },
    {
      "filename": "frame0004",
      "d": 0.2,
      "frame": {
        "x": 1514,
        "y": 2,
        "w": 375,
        "h": 493
      }
    },
    {
      "filename": "frame0005",
      "d": 0.2,
      "frame": {
        "x": 2,
        "y": 498,
        "w": 375,
        "h": 493
      }
    },
    {
      "filename": "frame0006",
      "d": 0.2,
      "frame": {
        "x": 380,
        "y": 498,
        "w": 375,
        "h": 493
      }
    },
    {
      "filename": "frame0007",
      "d": 0.2,
      "frame": {
        "x": 758,
        "y": 498,
        "w": 375,
        "h": 493
      }
    },
    {
      "filename": "frame0008",
      "d": 0.2,
      "frame": {
        "x": 1136,
        "y": 498,
        "w": 375,
        "h": 493
      }
    },
    {
      "filename": "frame0009",
      "d": 0.2,
      "frame": {
        "x": 1514,
        "y": 498,
        "w": 375,
        "h": 493
      }
    },
    {
      "filename": "frame0010",
      "d": 0.2,
      "frame": {
        "x": 2,
        "y": 994,
        "w": 375,
        "h": 493
      }
    },
    {
      "filename": "frame0011",
      "d": 0.2,
      "frame": {
        "x": 380,
        "y": 994,
        "w": 375,
        "h": 493
      }
    },
    {
      "filename": "frame0012",
      "d": 0.2,
      "frame": {
        "x": 758,
        "y": 994,
        "w": 375,
        "h": 493
      }
    },
    {
      "filename": "frame0013",
      "d": 0.2,
      "frame": {
        "x": 1136,
        "y": 994,
        "w": 375,
        "h": 493
      }
    },
    {
      "filename": "frame0014",
      "d": 0.2,
      "frame": {
        "x": 1514,
        "y": 994,
        "w": 375,
        "h": 493
      }
    },
    {
      "filename": "frame0015",
      "d": 0.2,
      "frame": {
        "x": 2,
        "y": 1490,
        "w": 375,
        "h": 493
      }
    }
  ],
  "meta": {
    "image": "ml5223frame.png",
    "size": {
      "w": 1900,
      "h": 2000
    }
  }
}