{
  "frames": [
    {
      "filename": "head0000",
      "d": 0.1,
      "frame": {
        "x": 2,
        "y": 2,
        "w": 329,
        "h": 162
      }
    },
    {
      "filename": "head0001",
      "d": 0.1,
      "frame": {
        "x": 334,
        "y": 2,
        "w": 329,
        "h": 162
      }
    },
    {
      "filename": "head0002",
      "d": 0.1,
      "frame": {
        "x": 666,
        "y": 2,
        "w": 329,
        "h": 162
      }
    },
    {
      "filename": "head0003",
      "d": 0.1,
      "frame": {
        "x": 2,
        "y": 167,
        "w": 329,
        "h": 162
      }
    },
    {
      "filename": "head0004",
      "d": 0.1,
      "frame": {
        "x": 334,
        "y": 167,
        "w": 329,
        "h": 162
      }
    },
    {
      "filename": "head0005",
      "d": 0.1,
      "frame": {
        "x": 666,
        "y": 167,
        "w": 329,
        "h": 162
      }
    },
    {
      "filename": "head0006",
      "d": 0.1,
      "frame": {
        "x": 2,
        "y": 332,
        "w": 329,
        "h": 162
      }
    },
    {
      "filename": "head0007",
      "d": 0.1,
      "frame": {
        "x": 334,
        "y": 332,
        "w": 329,
        "h": 162
      }
    },
    {
      "filename": "head0008",
      "d": 0.1,
      "frame": {
        "x": 666,
        "y": 332,
        "w": 329,
        "h": 162
      }
    },
    {
      "filename": "head0009",
      "d": 0.1,
      "frame": {
        "x": 2,
        "y": 497,
        "w": 329,
        "h": 162
      }
    },
    {
      "filename": "head0010",
      "d": 0.1,
      "frame": {
        "x": 334,
        "y": 497,
        "w": 329,
        "h": 162
      }
    },
    {
      "filename": "head0011",
      "d": 0.1,
      "frame": {
        "x": 666,
        "y": 497,
        "w": 329,
        "h": 162
      }
    },
    {
      "filename": "head0012",
      "d": 0.1,
      "frame": {
        "x": 2,
        "y": 662,
        "w": 329,
        "h": 162
      }
    },
    {
      "filename": "head0013",
      "d": 0.1,
      "frame": {
        "x": 334,
        "y": 662,
        "w": 329,
        "h": 162
      }
    },
    {
      "filename": "head0014",
      "d": 0.1,
      "frame": {
        "x": 666,
        "y": 662,
        "w": 329,
        "h": 162
      }
    },
    {
      "filename": "head0015",
      "d": 0.1,
      "frame": {
        "x": 2,
        "y": 827,
        "w": 329,
        "h": 162
      }
    },
    {
      "filename": "head0016",
      "d": 0.1,
      "frame": {
        "x": 334,
        "y": 827,
        "w": 329,
        "h": 162
      }
    },
    {
      "filename": "head0017",
      "d": 0.1,
      "frame": {
        "x": 666,
        "y": 827,
        "w": 329,
        "h": 162
      }
    },
    {
      "filename": "head0018",
      "d": 0.1,
      "frame": {
        "x": 2,
        "y": 992,
        "w": 329,
        "h": 162
      }
    },
    {
      "filename": "head0019",
      "d": 0.1,
      "frame": {
        "x": 334,
        "y": 992,
        "w": 329,
        "h": 162
      }
    },
    {
      "filename": "head0020",
      "d": 0.1,
      "frame": {
        "x": 666,
        "y": 992,
        "w": 329,
        "h": 162
      }
    },
    {
      "filename": "head0021",
      "d": 0.1,
      "frame": {
        "x": 2,
        "y": 1157,
        "w": 329,
        "h": 162
      }
    },
    {
      "filename": "head0022",
      "d": 0.1,
      "frame": {
        "x": 334,
        "y": 1157,
        "w": 329,
        "h": 162
      }
    },
    {
      "filename": "head0023",
      "d": 0.1,
      "frame": {
        "x": 666,
        "y": 1157,
        "w": 329,
        "h": 162
      }
    }
  ],
  "meta": {
    "image": "ml5221head.png",
    "size": {
      "w": 1000,
      "h": 1350
    }
  }
}