{"id":"2125","name":"\u9e8b\u9e7f\u6d4b\u8bd5\uff08\u9650\u91cf\uff09","sw":0,"sh":0,"res":[{"type":"head","tier":1,"scale":2.5,"offset":[0,-0.45],"action":"","layerCompositeMode":1,"layerOpaqueness":100,"gif":false,"i":["ml5221head.json"],"d":["ml5221head.png"]},{"type":"nose","tier":0,"scale":3.6,"offset":[0,-0.1],"action":"","layerCompositeMode":1,"layerOpaqueness":100,"gif":false,"i":["ml5222nose.json"],"d":["ml5222nose.png"]},{"type":"frame","tier":3,"scale":1,"offset":[0,0],"action":"","layerCompositeMode":1,"layerOpaqueness":100,"gif":false,"i":["ml5223frame.json"],"d":["ml5223frame.png"]},{"type":"foreground","tier":2,"scale":1,"offset":[0,1.74],"action":"","layerCompositeMode":1,"layerOpaqueness":100,"gif":false,"i":["ml5224foreground.json"],"d":["ml5224foreground.png"]}]}